371c2d32-ba6f-11ec-af85-00d861087345.jpg,[]
263c1b5e-bbc1-11ec-b680-00d861087345.jpg,['6526 JHD']
83c53d67-bbc2-11ec-8d8a-00d861087345.jpg,['21 BH 0001 AA']
f3f4c57b-bc0d-11ec-980c-00d861087345.jpg,['6526 JHD']
4839ade6-bc0e-11ec-9bc9-00d861087345.jpg,['6526 JHD']
90b568ed-bd9d-11ec-b8c2-00d861087345.jpg,['6526 JHD']
da0ccfe9-bda1-11ec-ab81-00d861087345.jpg,['6526 JHD']
0824bbcf-bfd1-11ec-beff-00d861087345.jpg,['[WXSA FVL']
4aec1003-bffe-11ec-aae2-00d861087345.jpg,[]
6bbceda2-c073-11ec-8cc8-00d861087345.jpg,['[WXSA FVL']
2393895d-c077-11ec-8a47-00d861087345.jpg,['[WXSA FVL']
d1f655b3-c175-11ec-bd4e-00d861087345.jpg,['[WXSA FVL']
26a47193-c17d-11ec-94a6-00d861087345.jpg,['[WXSA FVL']
3132f793-c180-11ec-b65d-00d861087345.jpg,['[WXSA FVL']
215d257d-c1fa-11ec-908a-00d861087345.jpg,['SKiP GAS']
743f149e-c401-11ec-9e8f-00d861087345.jpg,['SKiP GAs]']
8e53edbf-c4c7-11ec-b439-00d861087345.jpg,['P3RVP']
767dfc6d-c4ca-11ec-b75c-00d861087345.jpg,['P3RVP']
25162bf9-c4cc-11ec-b701-00d861087345.jpg,['P3RVP']
44fb7ad3-c533-11ec-882c-00d861087345.jpg,['P3RVP']
ee9598f4-c6e1-11ec-847c-00d861087345.jpg,['P3RVP']
